role,title,department,company,location,posting_date,apply_url,required_skills,description
PRODUCTS,PRODUCTS,,PPG,,,https://careers.ppg.com/us/en/job/JR2517060/Planificateur-de-Production-H-F,,"© 2025 PPG Industries, Inc. All Rights Reserved."
follow us,follow us,,PPG,,,https://careers.ppg.com/us/en/hvhapply?jobSeqNo=PIIPIIUSJR261861EXTERNALENUS,,"Skip to main content Careers Home Life At PPG Students & Graduates Talent Community Candidate Resources Browse Jobs United States Saved jobs (0) - We use cookies to offer you a better browsing experience, analyze site traffic, and personalize content. Read about how we use cookies and how you can control them by visiting our Cookie Settings page. Deny Allow Career Site Cookie Settings Personal Information Transfer Agent Computershare P.O. Box 30170 College Station, TX 77842-3170 Phone: 1-800-648-8160 Fax: 201-680-6578200 Gibraltar Road Suite 315, Horsham, PA 19044 TEL: 888-9850-7755 Privacy"
follow us,follow us,,PPG,,,https://careers.ppg.com/us/en/hvhapply?jobSeqNo=PIIPIIUSJR264459EXTERNALENUS,,"Skip to main content Careers Home Life At PPG Students & Graduates Talent Community Candidate Resources Browse Jobs United States Saved jobs (0) - Career Site Cookie Settings Personal Information Transfer Agent Computershare P.O. Box 30170 College Station, TX 77842-3170 Phone: 1-800-648-8160 Fax: 201-680-6578200 Gibraltar Road Suite 315, Horsham, PA 19044 TEL: 888-9850-7755 Privacy Policies Legal Notices Global Code of Ethics follow us © 2023 PPG Careers. All rights reserved. Jobs Help Site Map"
Join us to protect and beautify the world.,Join us to protect and beautify the world.,Remote Job Indicator Location Understand Our Culture We each bring a unique set of experiences from dozens of cultural backgrounds,PPG,Search Refine your search Category Country Search in Country Country United States Of America,,https://careers.ppg.com/us/en/search-results?from=10&s=1,,"Location Strongsville, Ohio, United States of America Automotive Refinish Category Supply Chain & Warehouse Job Type Full time Job Id JR264163"
follow us,follow us,,PPG,,,https://careers.ppg.com/us/en/hvhapply?jobSeqNo=PIIPIIUSJR262964EXTERNALENUS,,"Skip to main content Careers Home Life At PPG Students & Graduates Talent Community Candidate Resources Browse Jobs United States Saved jobs (0) - We use cookies to offer you a better browsing experience, analyze site traffic, and personalize content. Read about how we use cookies and how you can control them by visiting our Cookie Settings page. Deny Allow Career Site Cookie Settings Personal Information Transfer Agent Computershare P.O. Box 30170 College Station, TX 77842-3170 Phone: 1-800-648-8160 Fax: 201-680-6578200 Gibraltar Road Suite 315, Horsham, PA 19044 TEL: 888-9850-7755 Privacy"
follow us,follow us,,PPG,,,https://careers.ppg.com/us/en/hvhapply?jobSeqNo=PIIPIIUSJR2517060EXTERNALENUS,,"Skip to main content Careers Home Life At PPG Students & Graduates Talent Community Candidate Resources Browse Jobs United States Saved jobs (0) - We use cookies to offer you a better browsing experience, analyze site traffic, and personalize content. Read about how we use cookies and how you can control them by visiting our Cookie Settings page. Deny Allow Career Site Cookie Settings Personal Information Transfer Agent Computershare P.O. Box 30170 College Station, TX 77842-3170 Phone: 1-800-648-8160 Fax: 201-680-6578200 Gibraltar Road Suite 315, Horsham, PA 19044 TEL: 888-9850-7755 Privacy"
Join us to protect and beautify the world.,Join us to protect and beautify the world.,Remote Job Indicator Location Understand Our Culture We each bring a unique set of experiences from dozens of cultural backgrounds,PPG,Search Refine your search Category Country Search in Country Country United States Of America,,https://careers.ppg.com/us/en/search-results?from=70&s=1,,"Location Hefei, Anhui, China Automotive OEM Coatings Category R&D, Technical Job Type Full time Job Id JR263708"
follow us,follow us,,PPG,,,https://careers.ppg.com/us/en/hvhapply?jobSeqNo=PIIPIIUSJR262301EXTERNALENUS,,"Skip to main content Careers Home Life At PPG Students & Graduates Talent Community Candidate Resources Browse Jobs United States Saved jobs (0) - We use cookies to offer you a better browsing experience, analyze site traffic, and personalize content. Read about how we use cookies and how you can control them by visiting our Cookie Settings page. Deny Allow Career Site Cookie Settings Personal Information Transfer Agent Computershare P.O. Box 30170 College Station, TX 77842-3170 Phone: 1-800-648-8160 Fax: 201-680-6578200 Gibraltar Road Suite 315, Horsham, PA 19044 TEL: 888-9850-7755 Privacy"
follow us,follow us,,PPG,,,https://careers.ppg.com/us/en/hvhapply?jobSeqNo=PIIPIIUSJR261065EXTERNALENUS,,"Skip to main content Careers Home Life At PPG Students & Graduates Talent Community Candidate Resources Browse Jobs United States Saved jobs (0) - We use cookies to offer you a better browsing experience, analyze site traffic, and personalize content. Read about how we use cookies and how you can control them by visiting our Cookie Settings page. Deny Allow Career Site Cookie Settings Personal Information Transfer Agent Computershare P.O. Box 30170 College Station, TX 77842-3170 Phone: 1-800-648-8160 Fax: 201-680-6578200 Gibraltar Road Suite 315, Horsham, PA 19044 TEL: 888-9850-7755 Privacy"
Join us to protect and beautify the world.,Join us to protect and beautify the world.,Remote Job Indicator Location Understand Our Culture We each bring a unique set of experiences from dozens of cultural backgrounds,PPG,Search Refine your search Category Country Search in Country Country United States Of America,,https://careers.ppg.com/us/en/search-results?from=20&s=1,,"Location Bac Ninh, Bắc Ninh, Vietnam Operations Category Engineering, Quality Job Type Full time Job Id JR264310"
Join us to protect and beautify the world.,Join us to protect and beautify the world.,Remote Job Indicator Location Understand Our Culture We each bring a unique set of experiences from dozens of cultural backgrounds,PPG,Search Refine your search Category Country Search in Country Country United States Of America,,https://careers.ppg.com/us/en/search-results?from=90&s=1,,"Location Shanghai, Shanghai, China Automotive Refinish Category Supply Chain & Warehouse Job Type Full time Job Id JR266644"
Join us to protect and beautify the world.,Join us to protect and beautify the world.,Remote Job Indicator Location Understand Our Culture We each bring a unique set of experiences from dozens of cultural backgrounds,PPG,Search Refine your search Category Country Search in Country Country United States Of America,,https://careers.ppg.com/us/en/search-results?from=50&s=1,,"Location Capalaba, Queensland, Australia Architectural Coatings Category Sales & Retail Job Type Part time Job Id JR26733"
Join us to protect and beautify the world.,Join us to protect and beautify the world.,Remote Job Indicator Location Understand Our Culture We each bring a unique set of experiences from dozens of cultural backgrounds,PPG,Search Refine your search Category Country Search in Country Country United States Of America,,https://careers.ppg.com/us/en/search-results?from=60&s=1,,"Location West Granby, Buckinghamshire, United Kingdom Architectural EMEA Category Sales & Retail Job Type Full time Job Id JR262137"
Join us to protect and beautify the world.,Join us to protect and beautify the world.,Remote Job Indicator Location Understand Our Culture We each bring a unique set of experiences from dozens of cultural backgrounds,PPG,Search Refine your search Category Country Search in Country Country United States Of America,,https://careers.ppg.com/us/en/search-results?from=40&s=1,,"Location Pittsburgh, Pennsylvania, United States of America Information Technology Category Digital & IT Job Type Full time Job Id JR261008"
follow us,follow us,,PPG,,,https://careers.ppg.com/us/en/hvhapply?jobSeqNo=PIIPIIUSJR261914EXTERNALENUS,,"Skip to main content Careers Home Life At PPG Students & Graduates Talent Community Candidate Resources Browse Jobs United States Saved jobs (0) - We use cookies to offer you a better browsing experience, analyze site traffic, and personalize content. Read about how we use cookies and how you can control them by visiting our Cookie Settings page. Deny Allow Career Site Cookie Settings Personal Information Transfer Agent Computershare P.O. Box 30170 College Station, TX 77842-3170 Phone: 1-800-648-8160 Fax: 201-680-6578200 Gibraltar Road Suite 315, Horsham, PA 19044 TEL: 888-9850-7755 Privacy"
Here are the PPG Jobs you've saved.,Here are the PPG Jobs you've saved.,,PPG,,,https://careers.ppg.com/us/en/jobcart,"Please review and consider applying at your convenience., Join our Talent Community, We will notify you about relevant positions, and keep you in mind whenever we have interesting opportunities. Join our talent community., Join Community, Career Site Cookie Settings, Personal Information, PRODUCTS, Aerospace, Architectural Coatings, Automotive OEM","© 2025 PPG Industries, Inc. All Rights Reserved."
Join us to protect and beautify the world.,Join us to protect and beautify the world.,Remote Job Indicator Location Understand Our Culture We each bring a unique set of experiences from dozens of cultural backgrounds,PPG,Search Refine your search Category Country Search in Country Country United States Of America,,https://careers.ppg.com/us/en/search-results,,"Location Antioquia, Antioquia, Colombia Operations Category Supply Chain & Warehouse Job Type Full time Job Id JR262964"
Join us to protect and beautify the world.,Join us to protect and beautify the world.,Remote Job Indicator Location Understand Our Culture We each bring a unique set of experiences from dozens of cultural backgrounds,PPG,Search Refine your search Category Country Search in Country Country United States Of America,,https://careers.ppg.com/us/en/search-results?from=30&s=1,,"Location Monroeville, Pennsylvania, United States of America Operations Category Manufacturing Job Type Full time Job Id JR264337"
follow us,follow us,,PPG,,,https://careers.ppg.com/us/en/hvhapply?jobSeqNo=PIIPIIUSJR263793EXTERNALENUS,,"Skip to main content Careers Home Life At PPG Students & Graduates Talent Community Candidate Resources Browse Jobs United States Saved jobs (0) - Career Site Cookie Settings Personal Information Transfer Agent Computershare P.O. Box 30170 College Station, TX 77842-3170 Phone: 1-800-648-8160 Fax: 201-680-6578200 Gibraltar Road Suite 315, Horsham, PA 19044 TEL: 888-9850-7755 Privacy Policies Legal Notices Global Code of Ethics follow us © 2023 PPG Careers. All rights reserved. Jobs Help Site Map"
Join us to protect and beautify the world.,Join us to protect and beautify the world.,Remote Job Indicator Location Understand Our Culture We each bring a unique set of experiences from dozens of cultural backgrounds,PPG,Search Refine your search Category Country Search in Country Country United States Of America,,https://careers.ppg.com/us/en/search-results?from=80&s=1,"Save Business Analyst - Loftware Specialist JR26984 to job cart, Apply Now, Business Analyst - Loftware Specialist, Military Coatings and Layup Production Manager, Location, Sylmar, California, United States of America, Aerospace Products, Category, Manufacturing, Job Type","Location Shah Alam, Selangor, Malaysia Information Technology Category Digital & IT Job Type Full time Job Id JR26984"
follow us,follow us,,PPG,,,https://careers.ppg.com/us/en/hvhapply?jobSeqNo=PIIPIIUSJR263436EXTERNALENUS,,"Skip to main content Careers Home Life At PPG Students & Graduates Talent Community Candidate Resources Browse Jobs United States Saved jobs (0) - We use cookies to offer you a better browsing experience, analyze site traffic, and personalize content. Read about how we use cookies and how you can control them by visiting our Cookie Settings page. Deny Allow Career Site Cookie Settings Personal Information Transfer Agent Computershare P.O. Box 30170 College Station, TX 77842-3170 Phone: 1-800-648-8160 Fax: 201-680-6578200 Gibraltar Road Suite 315, Horsham, PA 19044 TEL: 888-9850-7755 Privacy"
Join us to protect and beautify the world.,Join us to protect and beautify the world.,Remote Job Indicator Location Understand Our Culture We each bring a unique set of experiences from dozens of cultural backgrounds,PPG,Search Refine your search Category Country Search in Country Country United States Of America,,https://careers.ppg.com/us/en/search-results?s=1,,"Location Antioquia, Antioquia, Colombia Operations Category Supply Chain & Warehouse Job Type Full time Job Id JR262964"
follow us,follow us,,PPG,,,https://careers.ppg.com/us/en/hvhapply?jobSeqNo=PIIPIIUSJR263338EXTERNALENUS,,"Skip to main content Careers Home Life At PPG Students & Graduates Talent Community Candidate Resources Browse Jobs United States Saved jobs (0) - We use cookies to offer you a better browsing experience, analyze site traffic, and personalize content. Read about how we use cookies and how you can control them by visiting our Cookie Settings page. Deny Allow Career Site Cookie Settings Personal Information Transfer Agent Computershare P.O. Box 30170 College Station, TX 77842-3170 Phone: 1-800-648-8160 Fax: 201-680-6578200 Gibraltar Road Suite 315, Horsham, PA 19044 TEL: 888-9850-7755 Privacy"
